<?xml version="1.0" encoding="utf-8"?>
<rss xmlns:sparkle="http://www.andymatuschak.org/xml-namespaces/sparkle" xmlns:dc="http://purl.org/dc/elements/1.1/" version="0.2">
	<channel>
		<title>CosmX's Changelog</title>
		<link>https://raw.github.com/levent/CosmX/master/Appcast.xml</link>
		<description>Most recent changes with links to updates.</description>
		<language>en</language>
		<item>
			<title>Version 0.2 (0 bugs fixed; 1 new feature)</title>
			<description><![CDATA[
				<h2>New Features</h2>
				Auto updater
				]]></description>
			<pubDate>Wed, 26 June 2012 20:20:11 +0000</pubDate>
			<enclosure url="https://raw.github.com/levent/CosmX/master/dist/CosmX_0.2.zip" sparkle:version="0.2" length="813881" type="application/octet-stream"/>
		</item>
		<item>
			<title>Version 0.3 (0 bugs fixed; 1 new feature)</title>
			<description><![CDATA[
				<h2>Tracking more stats</h2>
        <ul>
          <li>OS Version</li>
          <li>Cpu Count</li>
          <li>Cpu Info</li>
          <li>Memory</li>
        </ul>
				]]></description>
			<pubDate>Wed, 27 June 2012 09:00:00 +0000</pubDate>
			<enclosure url="https://raw.github.com/levent/CosmX/master/dist/CosmX_0.3.zip" sparkle:version="0.3" length="815003" type="application/octet-stream"/>
		</item>
		<item>
			<title>Version 0.4 (0 bugs fixed; 0 new features)</title>
			<description><![CDATA[
				<h2>Cosm feed titles changed</h2>
        Feeds are now called 'CosmX System Info'
				]]></description>
			<pubDate>Wed, 27 June 2012 09:37:00 +0000</pubDate>
			<enclosure url="https://raw.github.com/levent/CosmX/master/dist/CosmX_0.4.zip" sparkle:version="0.4" length="815013" type="application/octet-stream"/>
		</item>
		<item>
			<title>Version 0.5</title>
			<description><![CDATA[
				<h2>Data restructured</h2>
        <p>OS Info moved into tags</p>
        <p>General system info moved into description</p>
        <p>'memory' datastream relabeled 'total_memory'</p>
				]]></description>
			<pubDate>Wed, 28 June 2012 06:45:00 +0000</pubDate>
			<enclosure url="https://raw.github.com/levent/CosmX/master/dist/CosmX_0.5.zip" sparkle:version="0.5" length="814984" type="application/octet-stream"/>
		</item>
		<item>
			<title>Version 0.6</title>
			<description><![CDATA[
				<h2>Data restructured</h2>
                <p>OS Info moved into tags</p>
                <p>General system info moved into description</p>
                <p>'memory' datastream relabeled 'total_memory'</p>
            ]]></description>
			<pubDate>Wed, 28 June 2012 07:10:00 +0000</pubDate>
			<enclosure url="https://raw.github.com/levent/CosmX/master/dist/CosmX_0.6.zip" sparkle:version="0.6" length="814984" type="application/octet-stream"/>
		</item>
	</channel>
</rss>
